AT,V,AP,RH,PE_pred
25,51.0,1012,91,442.5053846153847
31,60.0,1005,50,438.58125
20,47.0,1003,83,454.2113793103449
38,67.0,1008,70,434.1629078014187
23,,1013,54,449.77
